{"yelp":{"id":"pizzeria-vetri-philadelphia","ratingimg":"http://s3-media2.fl.yelpcdn.com/assets/2/www/img/ccf2b76faa2c/ico/stars/v1/stars_large_4.png","url":"http://m.yelp.com/biz/pizzeria-vetri-philadelphia","rating":4},"place_name":"RiteAid","_geoloc":{"lng":-75.17864,"lat":39.95111},"place_uuid":"72751937-19b5-4eec-a8e9-c8f1b6022541","category_uuid":"9f2379ed-219e-4161-91e4-b09034e1df9b","item_uuid":"bb00f07f-ada5-47e1-a2e5-5b920d252f43","item_name":"Ben & Jerrys - Salted Caramel Core (1 Pint)","type":"Vices","item_price":4.99}
