{"yelp":{"id":"lo-spiedo-philadelphia","ratingimg":"http://s3-media3.fl.yelpcdn.com/assets/2/www/img/bd9b7a815d1b/ico/stars/v1/stars_large_3_half.png","url":"http://m.yelp.com/biz/lo-spiedo-philadelphia","rating":3.5},"place_name":"Lo Spiedo","_geoloc":{"lng":-75.175473690033,"lat":39.896748663927},"place_uuid":"e1add877-a694-470f-b5d2-5da0ca46e038","category_uuid":"0ffe26af-89ad-4009-a310-4ac1f439dce6","item_uuid":"3f15e9e2-6fac-4a56-af0d-6406b9000764","item_name":"BBQ Carrots","type":"Contorni","item_price":5}
