{"yelp":{"id":"octopus-falafel-truck-philadelphia","ratingimg":"http://s3-media4.fl.yelpcdn.com/assets/2/www/img/9f83790ff7f6/ico/stars/v1/stars_large_4_half.png","url":"http://m.yelp.com/biz/octopus-falafel-truck-philadelphia","rating":4.5},"place_name":"Lil' Pop Shop Truck","_geoloc":{"lng":-75.178172,"lat":39.963312},"place_uuid":"75fb2c4f-13d8-4597-b169-e6d7f69b9279","category_uuid":"850bb99d-d6ee-49c7-b6a1-0ed5436b667c","item_uuid":"ebf5fa3b-24d7-4951-b91f-21b697e18f31","item_name":"Coconut Hibiscus","type":"Non Dairy Pops - Flavors Change Seasonally","item_price":3}
