{"yelp":{"id":"dos-tacos-philadelphia","ratingimg":"http://s3-media3.fl.yelpcdn.com/assets/2/www/img/bd9b7a815d1b/ico/stars/v1/stars_large_3_half.png","url":"http://m.yelp.com/biz/dos-tacos-philadelphia","rating":3.5},"place_name":"Dos Tacos","_geoloc":{"lng":-75.165823144878,"lat":39.950534821341},"place_uuid":"0b0c8784-1c2e-47f6-b178-0a7bf1a37797","category_uuid":"d83f78c8-63e3-4b8f-90e8-bacb8b769edb","item_uuid":"1c0978d1-aa7f-47f0-8616-e7ac1a89d9d1","item_name":"Le Frenchman","type":"Late Night Menu (Thu-Sat 12am-3am)","item_price":7}
