{"yelp":{"id":"taco-bell-philadelphia-27","ratingimg":"http://s3-media1.fl.yelpcdn.com/assets/2/www/img/e8b5b79d37ed/ico/stars/v1/stars_large_3.png","url":"http://m.yelp.com/biz/taco-bell-philadelphia-27","rating":3},"place_name":"Taco Bell","_geoloc":{"lng":-75.158576965332,"lat":39.950344085693},"place_uuid":"fdfe527b-3485-4a6a-966c-b69beeb276c9","category_uuid":"39e519c3-c960-42c5-9533-e0cd9a03c3b8","item_uuid":"7335c523-2131-4e5f-a2cb-b9839240a47c","item_name":"Beefy 5-Layer Burrito","type":"Burritos","item_price":2.35}
