{"yelp":{"id":"five-guys-burgers-and-fries-philadelphia-3","ratingimg":"http://s3-media3.fl.yelpcdn.com/assets/2/www/img/bd9b7a815d1b/ico/stars/v1/stars_large_3_half.png","url":"http://m.yelp.com/biz/five-guys-burgers-and-fries-philadelphia-3","rating":3.5},"place_name":"Five Guys Burgers and Fries","_geoloc":{"lng":-75.16671,"lat":39.951382},"place_uuid":"4b7c4396-bbcf-4e6d-b7b5-6d4dd7804847","category_uuid":"01088544-6fda-46b9-9cb9-a4c054439476","item_uuid":"c0172e85-9a8d-4d5f-a72f-7c948d05b89e","item_name":"Cajun Fries","type":"Fries","item_price":3.79}
