{"yelp":{"id":"zavino-philadelphia-3","ratingimg":"http://s3-media4.fl.yelpcdn.com/assets/2/www/img/9f83790ff7f6/ico/stars/v1/stars_large_4_half.png","url":"http://m.yelp.com/biz/zavino-philadelphia-3","rating":4.5},"place_name":"Zavino","_geoloc":{"lng":-75.18891075145,"lat":39.954019257992},"place_uuid":"fdf9e948-b5c0-439b-9f6e-c5fb7a64f11e","category_uuid":"815d8b96-dc53-4d97-8e05-e12f2061f790","item_uuid":"9d8e5248-1254-4a8a-ad8d-efe134aad393","item_name":"Marinated Canellini Beans","type":"Sides","item_price":5}
