{"yelp":{"id":"pizzeria-vetri-philadelphia","ratingimg":"http://s3-media2.fl.yelpcdn.com/assets/2/www/img/ccf2b76faa2c/ico/stars/v1/stars_large_4.png","url":"http://m.yelp.com/biz/pizzeria-vetri-philadelphia","rating":4},"place_name":"Pizzeria Vetri","_geoloc":{"lng":-75.171418190002,"lat":39.960855999959},"place_uuid":"4962e730-3902-4ddd-aff0-a3eb9af0b845","category_uuid":"449ae001-62fd-4dec-a77d-34365d911561","item_uuid":"41b9b9b6-35f7-425a-860e-6da903d82722","item_name":"Pellegrino Aranciata Rossa","type":"Soft Drinks","item_price":3}
