{"yelp":{"id":"tap-room-on-19th-philadelphia-2","ratingimg":"http://s3-media4.fl.yelpcdn.com/assets/2/www/img/9f83790ff7f6/ico/stars/v1/stars_large_4_half.png","url":"http://m.yelp.com/biz/tap-room-on-19th-philadelphia-2","rating":4.5},"place_name":"Tap Room on 19th","_geoloc":{"lng":-75.178577796385,"lat":39.921671882139},"place_uuid":"16e3f3cf-46be-41ca-81b5-ccad6cae0a7d","category_uuid":"6d3a54e5-b681-4385-9171-9758137c5464","item_uuid":"9bd0584a-3b73-400a-82d6-af77c74997f7","item_name":"Cheese Board","type":"Appetizers","item_price":12}
