{"yelp":{"id":"vic-sushi-bar-philadelphia","ratingimg":"http://s3-media2.fl.yelpcdn.com/assets/2/www/img/ccf2b76faa2c/ico/stars/v1/stars_large_4.png","url":"http://m.yelp.com/biz/vic-sushi-bar-philadelphia","rating":4},"place_name":"Vic Sushi Bar","_geoloc":{"lng":-75.174901539378,"lat":39.951471329307},"place_uuid":"46f924c2-9403-4afc-92f7-5c4f412f0725","category_uuid":"12c183c5-fab6-4ddb-b173-1e1d8768f573","item_uuid":"87d721f5-4bac-43f2-a032-770ebe19b69c","item_name":"White Tuna","type":"Sushi & Sashimi a la Carte","item_price":4.75}
