{"yelp":{"id":"pizzeria-vetri-philadelphia","ratingimg":"http://s3-media2.fl.yelpcdn.com/assets/2/www/img/ccf2b76faa2c/ico/stars/v1/stars_large_4.png","url":"http://m.yelp.com/biz/pizzeria-vetri-philadelphia","rating":4},"place_name":"RiteAid","_geoloc":{"lng":-75.17864,"lat":39.95111},"place_uuid":"72751937-19b5-4eec-a8e9-c8f1b6022541","category_uuid":"7d234828-6b07-4141-a404-a13dc110bfc6","item_uuid":"9b1ed2df-d2a1-4ff6-9388-b90ff68a3374","item_name":"Old Spice Pure Sport High-Endurance Deodorant (3 oz.)","type":"Men's Grooming","item_price":7.49}
