{"yelp":{"id":"pizzeria-vetri-philadelphia","ratingimg":"http://s3-media2.fl.yelpcdn.com/assets/2/www/img/ccf2b76faa2c/ico/stars/v1/stars_large_4.png","url":"http://m.yelp.com/biz/pizzeria-vetri-philadelphia","rating":4},"place_name":"RiteAid","_geoloc":{"lng":-75.17864,"lat":39.95111},"place_uuid":"72751937-19b5-4eec-a8e9-c8f1b6022541","category_uuid":"50e3e607-9543-414c-8763-51b112350465","item_uuid":"ca3aa138-cadb-41da-8e10-7582306f26bd","item_name":"Centrum Adult Vitamins (200 ct.)","type":"Vitamins & Supplements","item_price":16.99}
