{"yelp":{"id":"pizzeria-vetri-philadelphia","ratingimg":"http://s3-media2.fl.yelpcdn.com/assets/2/www/img/ccf2b76faa2c/ico/stars/v1/stars_large_4.png","url":"http://m.yelp.com/biz/pizzeria-vetri-philadelphia","rating":4},"place_name":"RiteAid","_geoloc":{"lng":-75.17864,"lat":39.95111},"place_uuid":"72751937-19b5-4eec-a8e9-c8f1b6022541","category_uuid":"66cdd033-599d-40b0-9bf9-20e452c5de85","item_uuid":"eafaaa35-5e6f-480a-ac5d-be1639b800ad","item_name":"Hall's Cough Drops - Cherry (30 ct.)","type":"Cold & Cough","item_price":2.49}
