{"yelp":{"id":"zavino-philadelphia-3","ratingimg":"http://s3-media4.fl.yelpcdn.com/assets/2/www/img/9f83790ff7f6/ico/stars/v1/stars_large_4_half.png","url":"http://m.yelp.com/biz/zavino-philadelphia-3","rating":4.5},"place_name":"Zavino","_geoloc":{"lng":-75.18891075145,"lat":39.954019257992},"place_uuid":"fdf9e948-b5c0-439b-9f6e-c5fb7a64f11e","category_uuid":"6aa4555d-a055-4dfd-b573-0d7a90d41d62","item_uuid":"b2a8ceb2-ba10-43e1-aa5a-536010be8436","item_name":"Brussels Sprouts","type":"Small Plates","item_price":6}
