{"yelp":{"id":"octopus-falafel-truck-philadelphia","ratingimg":"http://s3-media4.fl.yelpcdn.com/assets/2/www/img/9f83790ff7f6/ico/stars/v1/stars_large_4_half.png","url":"http://m.yelp.com/biz/octopus-falafel-truck-philadelphia","rating":4.5},"place_name":"Lil' Pop Shop Truck","_geoloc":{"lng":-75.178172,"lat":39.963312},"place_uuid":"75fb2c4f-13d8-4597-b169-e6d7f69b9279","category_uuid":"59179a23-ff6a-44b1-9153-3e54cd9186e7","item_uuid":"7430b9ef-2dda-4a00-afa9-aa5831f27b18","item_name":"Vietnamese Iced Coffee","type":"Creamy Pops - Flavors Change Seasonally","item_price":3}
