{"yelp":{"id":"pizzeria-vetri-philadelphia","ratingimg":"http://s3-media2.fl.yelpcdn.com/assets/2/www/img/ccf2b76faa2c/ico/stars/v1/stars_large_4.png","url":"http://m.yelp.com/biz/pizzeria-vetri-philadelphia","rating":4},"place_name":"RiteAid","_geoloc":{"lng":-75.17864,"lat":39.95111},"place_uuid":"72751937-19b5-4eec-a8e9-c8f1b6022541","category_uuid":"094f1c0a-0118-4c35-907e-d22bc336a916","item_uuid":"f9c870fe-dd5b-4863-bce5-f9b8b1c22e0b","item_name":"Snapple Ice Tea (16 oz.)","type":"Drinks","item_price":1.29}
