{"yelp":{"id":"pizzeria-vetri-philadelphia","ratingimg":"http://s3-media2.fl.yelpcdn.com/assets/2/www/img/ccf2b76faa2c/ico/stars/v1/stars_large_4.png","url":"http://m.yelp.com/biz/pizzeria-vetri-philadelphia","rating":4},"place_name":"RiteAid","_geoloc":{"lng":-75.17864,"lat":39.95111},"place_uuid":"72751937-19b5-4eec-a8e9-c8f1b6022541","category_uuid":"55913e2a-af13-4810-983f-2a3b52a0d3f4","item_uuid":"ccc83d66-8cfc-4cd0-9381-bb54ca8e270e","item_name":"Banana Boat Sport Sunscreen - SPF 30 (8 oz.)","type":"Bath & Body","item_price":11.99}
