{"yelp":{"id":"vic-sushi-bar-philadelphia","ratingimg":"http://s3-media2.fl.yelpcdn.com/assets/2/www/img/ccf2b76faa2c/ico/stars/v1/stars_large_4.png","url":"http://m.yelp.com/biz/vic-sushi-bar-philadelphia","rating":4},"place_name":"Vic Sushi Bar","_geoloc":{"lng":-75.174901539378,"lat":39.951471329307},"place_uuid":"46f924c2-9403-4afc-92f7-5c4f412f0725","category_uuid":"9a9193c1-020c-4078-912a-55c903ee5ec4","item_uuid":"528117fb-6768-40f7-9e4b-08c26e490639","item_name":"Shrimp Shumai","type":"Appetizers","item_price":3.95}
