{"yelp":{"id":"pizzeria-vetri-philadelphia","ratingimg":"http://s3-media2.fl.yelpcdn.com/assets/2/www/img/ccf2b76faa2c/ico/stars/v1/stars_large_4.png","url":"http://m.yelp.com/biz/pizzeria-vetri-philadelphia","rating":4},"place_name":"RiteAid","_geoloc":{"lng":-75.17864,"lat":39.95111},"place_uuid":"72751937-19b5-4eec-a8e9-c8f1b6022541","category_uuid":"5ac5ead2-75d6-401b-82dd-230c1e3d30e7","item_uuid":"c0b38c94-24ef-4eed-b7dd-736237ad6382","item_name":"Always Thin Regular Daily Liners (60 ct.)","type":"Feminine Care","item_price":6.79}
