{"yelp":{"id":"pizzeria-vetri-philadelphia","ratingimg":"http://s3-media2.fl.yelpcdn.com/assets/2/www/img/ccf2b76faa2c/ico/stars/v1/stars_large_4.png","url":"http://m.yelp.com/biz/pizzeria-vetri-philadelphia","rating":4},"place_name":"RiteAid","_geoloc":{"lng":-75.17864,"lat":39.95111},"place_uuid":"72751937-19b5-4eec-a8e9-c8f1b6022541","category_uuid":"e031fca0-39a7-48d3-b8b6-862df825c297","item_uuid":"d407920a-fe41-4d39-983a-88dff81928b5","item_name":"Pantene Pro-V Repair & Protect Miracle Repairing Shampoo (12.6 oz.)","type":"Hair Care","item_price":4.96}
