{"yelp":{"id":"taco-bell-philadelphia-27","ratingimg":"http://s3-media1.fl.yelpcdn.com/assets/2/www/img/e8b5b79d37ed/ico/stars/v1/stars_large_3.png","url":"http://m.yelp.com/biz/taco-bell-philadelphia-27","rating":3},"place_name":"Taco Bell","_geoloc":{"lng":-75.158576965332,"lat":39.950344085693},"place_uuid":"fdfe527b-3485-4a6a-966c-b69beeb276c9","category_uuid":"08a5cc60-8fc3-45ba-8fd9-eadc819dedbf","item_uuid":"5f0b53f1-d5b7-4399-bec4-c3b9bad2e04f","item_name":"Double Decker Taco, Medium Drink, & Doritos Chips","type":"Meal Deals","item_price":3.29}
