{"yelp":{"id":"pizzeria-vetri-philadelphia","ratingimg":"http://s3-media2.fl.yelpcdn.com/assets/2/www/img/ccf2b76faa2c/ico/stars/v1/stars_large_4.png","url":"http://m.yelp.com/biz/pizzeria-vetri-philadelphia","rating":4},"place_name":"RiteAid","_geoloc":{"lng":-75.17864,"lat":39.95111},"place_uuid":"72751937-19b5-4eec-a8e9-c8f1b6022541","category_uuid":"5ac5ead2-75d6-401b-82dd-230c1e3d30e7","item_uuid":"8f1c936e-1798-4cc5-80c0-bf01522e56d2","item_name":"Tampax Cardboard Applicator Multipack (80 ct.)","type":"Feminine Care","item_price":14.49}
