{"yelp":{"id":"shake-shack-philadelphia","ratingimg":"http://s3-media3.fl.yelpcdn.com/assets/2/www/img/bd9b7a815d1b/ico/stars/v1/stars_large_3_half.png","url":"http://m.yelp.com/biz/shake-shack-philadelphia","rating":3.5},"place_name":"Shake Shack","_geoloc":{"lng":-75.188580198636,"lat":39.953953062438},"place_uuid":"fee59d39-de15-4c40-bf56-5c8fad8a4df4","category_uuid":"09ea4b5f-8897-42bd-9b53-995f9c4e32ec","item_uuid":"345f3b48-9beb-4968-a8f4-640a865badb6","item_name":"Organic Apple Juice","type":"Drinks","item_price":1.8}
