{"yelp":{"id":"pizzeria-vetri-philadelphia","ratingimg":"http://s3-media2.fl.yelpcdn.com/assets/2/www/img/ccf2b76faa2c/ico/stars/v1/stars_large_4.png","url":"http://m.yelp.com/biz/pizzeria-vetri-philadelphia","rating":4},"place_name":"RiteAid","_geoloc":{"lng":-75.17864,"lat":39.95111},"place_uuid":"72751937-19b5-4eec-a8e9-c8f1b6022541","category_uuid":"6cf39639-c856-4895-b19c-8640200f8cee","item_uuid":"c78b2550-857b-4896-afd7-70198c3cf6b2","item_name":"Opti-Free Pure Moist Disinfecting Contact Solution (10 oz.)","type":"Eye Care","item_price":11.99}
