{"yelp":{"id":"lo-spiedo-philadelphia","ratingimg":"http://s3-media3.fl.yelpcdn.com/assets/2/www/img/bd9b7a815d1b/ico/stars/v1/stars_large_3_half.png","url":"http://m.yelp.com/biz/lo-spiedo-philadelphia","rating":3.5},"place_name":"Lo Spiedo","_geoloc":{"lng":-75.175473690033,"lat":39.896748663927},"place_uuid":"e1add877-a694-470f-b5d2-5da0ca46e038","category_uuid":"5c3a3657-a307-4202-a878-090635862987","item_uuid":"f937c928-baa1-4c60-9ad0-8af88403d57b","item_name":"Grilled Avocado with Basil Pesto","type":"Grilled Focaccia","item_price":8}
