{"yelp":{"id":"five-guys-burgers-and-fries-philadelphia-3","ratingimg":"http://s3-media3.fl.yelpcdn.com/assets/2/www/img/bd9b7a815d1b/ico/stars/v1/stars_large_3_half.png","url":"http://m.yelp.com/biz/five-guys-burgers-and-fries-philadelphia-3","rating":3.5},"place_name":"Five Guys Burgers and Fries","_geoloc":{"lng":-75.16671,"lat":39.951382},"place_uuid":"4b7c4396-bbcf-4e6d-b7b5-6d4dd7804847","category_uuid":"13e8d647-5c0f-49f3-a2a5-a8ab6d979749","item_uuid":"92d01246-a472-49ac-aa96-5a363b305731","item_name":"Large Drink","type":"Drinks","item_price":2.69}
