{"yelp":{"id":"taco-bell-philadelphia-27","ratingimg":"http://s3-media1.fl.yelpcdn.com/assets/2/www/img/e8b5b79d37ed/ico/stars/v1/stars_large_3.png","url":"http://m.yelp.com/biz/taco-bell-philadelphia-27","rating":3},"place_name":"Taco Bell","_geoloc":{"lng":-75.158576965332,"lat":39.950344085693},"place_uuid":"fdfe527b-3485-4a6a-966c-b69beeb276c9","category_uuid":"d12c024b-dc77-4b45-8464-667571707039","item_uuid":"f6d99a38-8aa1-4420-8a55-7add4ab91390","item_name":"Grande Scrambler","type":"Breakfast (Not available in all locations)","item_price":2.79}
