{"yelp":{"id":"pizzeria-vetri-philadelphia","ratingimg":"http://s3-media2.fl.yelpcdn.com/assets/2/www/img/ccf2b76faa2c/ico/stars/v1/stars_large_4.png","url":"http://m.yelp.com/biz/pizzeria-vetri-philadelphia","rating":4},"place_name":"RiteAid","_geoloc":{"lng":-75.17864,"lat":39.95111},"place_uuid":"72751937-19b5-4eec-a8e9-c8f1b6022541","category_uuid":"10e94147-f149-4ba5-b341-dfc3e8bd2ad0","item_uuid":"761efb40-da45-44c8-9183-f05023900ca8","item_name":"Trojan Ultra Ribbed (12 pk.)","type":"Sexual Wellness","item_price":15.49}
