{"yelp":{"id":"taco-bell-philadelphia-27","ratingimg":"http://s3-media1.fl.yelpcdn.com/assets/2/www/img/e8b5b79d37ed/ico/stars/v1/stars_large_3.png","url":"http://m.yelp.com/biz/taco-bell-philadelphia-27","rating":3},"place_name":"Taco Bell","_geoloc":{"lng":-75.158576965332,"lat":39.950344085693},"place_uuid":"fdfe527b-3485-4a6a-966c-b69beeb276c9","category_uuid":"d53efe86-e439-42b1-b690-8b6b3a822f32","item_uuid":"fb44fbb3-a6d0-4326-adfa-cb6533f6cc7a","item_name":"Cantina Burrito","type":"Cantina Power Menu","item_price":5.08}
