{"yelp":{"id":"lo-spiedo-philadelphia","ratingimg":"http://s3-media3.fl.yelpcdn.com/assets/2/www/img/bd9b7a815d1b/ico/stars/v1/stars_large_3_half.png","url":"http://m.yelp.com/biz/lo-spiedo-philadelphia","rating":3.5},"place_name":"Lo Spiedo","_geoloc":{"lng":-75.175473690033,"lat":39.896748663927},"place_uuid":"e1add877-a694-470f-b5d2-5da0ca46e038","category_uuid":"325ac6b4-44b4-4a45-8714-76c462e8fc61","item_uuid":"7850b781-17e6-4e23-aa76-8035b84ae23f","item_name":"Octopus Roll \"New England Style\"","type":"Panini w/ French Fries","item_price":12}
