{"yelp":{"id":"honeygrow-philadelphia","ratingimg":"http://s3-media3.fl.yelpcdn.com/assets/2/www/img/bd9b7a815d1b/ico/stars/v1/stars_large_3_half.png","url":"http://m.yelp.com/biz/honeygrow-philadelphia","rating":3.5},"place_name":"honeygrow","_geoloc":{"lng":-75.167309368511,"lat":39.950769209737},"place_uuid":"bad8e795-d38c-4413-9414-d9e723679ebc","category_uuid":"1548ad42-b35e-40e7-820e-f0837c62b7da","item_uuid":"321d25de-b61d-4932-a86c-0b9067ed9414","item_name":"Vegan Kale","type":"Salads","item_price":8.95}
