{"yelp":{"id":"taco-bell-philadelphia-27","ratingimg":"http://s3-media1.fl.yelpcdn.com/assets/2/www/img/e8b5b79d37ed/ico/stars/v1/stars_large_3.png","url":"http://m.yelp.com/biz/taco-bell-philadelphia-27","rating":3},"place_name":"Taco Bell","_geoloc":{"lng":-75.158576965332,"lat":39.950344085693},"place_uuid":"fdfe527b-3485-4a6a-966c-b69beeb276c9","category_uuid":"5dc8aed4-be24-4f9c-8474-c689cde58f50","item_uuid":"99ef1d3a-cab3-4096-9e9c-58b6ee8ea4c8","item_name":"Mexican Pizza","type":"Specialties","item_price":3.99}
