{"yelp":{"id":"pizzeria-vetri-philadelphia","ratingimg":"http://s3-media2.fl.yelpcdn.com/assets/2/www/img/ccf2b76faa2c/ico/stars/v1/stars_large_4.png","url":"http://m.yelp.com/biz/pizzeria-vetri-philadelphia","rating":4},"place_name":"RiteAid","_geoloc":{"lng":-75.17864,"lat":39.95111},"place_uuid":"72751937-19b5-4eec-a8e9-c8f1b6022541","category_uuid":"94588196-c0ac-4ad4-ae44-707a4c2fff2b","item_uuid":"10691d34-9ecc-46f0-a5d3-2fad8848a3d1","item_name":"Claritin Non-Drowsy 24 Hr (10 ct.)","type":"Allergy","item_price":13.49}
