{"yelp":{"id":"pizzeria-vetri-philadelphia","ratingimg":"http://s3-media2.fl.yelpcdn.com/assets/2/www/img/ccf2b76faa2c/ico/stars/v1/stars_large_4.png","url":"http://m.yelp.com/biz/pizzeria-vetri-philadelphia","rating":4},"place_name":"RiteAid","_geoloc":{"lng":-75.17864,"lat":39.95111},"place_uuid":"72751937-19b5-4eec-a8e9-c8f1b6022541","category_uuid":"1d0eccb6-df0d-406d-ac97-94bc18511747","item_uuid":"80fddf51-8192-4ec0-a45f-40080edd9b2f","item_name":"Purell Advanced Hand Sanitizer - Refreshing Aloe (8 oz.)","type":"First-Aid","item_price":4.29}
