{"yelp":{"id":"pizzeria-vetri-philadelphia","ratingimg":"http://s3-media2.fl.yelpcdn.com/assets/2/www/img/ccf2b76faa2c/ico/stars/v1/stars_large_4.png","url":"http://m.yelp.com/biz/pizzeria-vetri-philadelphia","rating":4},"place_name":"RiteAid","_geoloc":{"lng":-75.17864,"lat":39.95111},"place_uuid":"72751937-19b5-4eec-a8e9-c8f1b6022541","category_uuid":"9f2379ed-219e-4161-91e4-b09034e1df9b","item_uuid":"13e8259e-f279-45d5-a776-9af7d0843452","item_name":"Red Bull Energy Drink - Sugar Free (8.4 oz.)","type":"Vices","item_price":2.19}
