{"yelp":{"id":"zavino-philadelphia-3","ratingimg":"http://s3-media4.fl.yelpcdn.com/assets/2/www/img/9f83790ff7f6/ico/stars/v1/stars_large_4_half.png","url":"http://m.yelp.com/biz/zavino-philadelphia-3","rating":4.5},"place_name":"Zavino","_geoloc":{"lng":-75.18891075145,"lat":39.954019257992},"place_uuid":"fdf9e948-b5c0-439b-9f6e-c5fb7a64f11e","category_uuid":"4e71cac9-a5d5-4028-a1d9-b5f234c306ca","item_uuid":"7434b16e-0785-4776-93a9-3b94f333b417","item_name":"Drunken Goat","type":"Meats + Cheeses","item_price":7}
