{"yelp":{"id":"taco-bell-philadelphia-27","ratingimg":"http://s3-media1.fl.yelpcdn.com/assets/2/www/img/e8b5b79d37ed/ico/stars/v1/stars_large_3.png","url":"http://m.yelp.com/biz/taco-bell-philadelphia-27","rating":3},"place_name":"Taco Bell","_geoloc":{"lng":-75.158576965332,"lat":39.950344085693},"place_uuid":"fdfe527b-3485-4a6a-966c-b69beeb276c9","category_uuid":"5dc8aed4-be24-4f9c-8474-c689cde58f50","item_uuid":"bde9c2d4-1806-4b0d-b53a-4784f92f0222","item_name":"Chalupa Supreme","type":"Specialties","item_price":2.59}
