{"yelp":{"id":"sweetgreen-philadelphia","ratingimg":"http://s3-media3.fl.yelpcdn.com/assets/2/www/img/bd9b7a815d1b/ico/stars/v1/stars_large_3_half.png","url":"http://m.yelp.com/biz/sweetgreen-philadelphia","rating":3.5},"place_name":"Sweetgreen","_geoloc":{"lng":-75.156923532486,"lat":39.948305825809},"place_uuid":"71bc3a8a-57d0-4b61-a9ed-01c608d3676f","category_uuid":"d385668a-ea00-4970-b44b-19f80f4864e2","item_uuid":"bb5fa670-2186-444b-979a-3a2209be0c74","item_name":"Baby Ganoush","type":"Seasonals","item_price":9.85}
