{"yelp":{"id":"pizzeria-vetri-philadelphia","ratingimg":"http://s3-media2.fl.yelpcdn.com/assets/2/www/img/ccf2b76faa2c/ico/stars/v1/stars_large_4.png","url":"http://m.yelp.com/biz/pizzeria-vetri-philadelphia","rating":4},"place_name":"RiteAid","_geoloc":{"lng":-75.17864,"lat":39.95111},"place_uuid":"72751937-19b5-4eec-a8e9-c8f1b6022541","category_uuid":"e031fca0-39a7-48d3-b8b6-862df825c297","item_uuid":"932438d4-e156-4dfe-a935-1b56c1e467b6","item_name":"Head & Shoulders 2 in 1 Shampoo and Conditioner (23.7 oz.)","type":"Hair Care","item_price":8.99}
