{"yelp":{"id":"insomnia-cookies-philadelphia-3","ratingimg":"http://s3-media4.fl.yelpcdn.com/assets/2/www/img/9f83790ff7f6/ico/stars/v1/stars_large_4_half.png","url":"http://m.yelp.com/biz/insomnia-cookies-philadelphia-3","rating":4.5},"place_name":"S'Mores On-Demand","_geoloc":{"lng":-75.168627,"lat":39.955052},"place_uuid":"b386c561-5b36-4462-ae4b-62c2a0ed40c4","category_uuid":"fdaa08b4-872e-4a3d-87f3-20dd3e14a5f7","item_uuid":"52614ef4-d064-4b59-825d-a3e63f70dbc7","item_name":"Free S'mores Pack","type":"S'mores On-Demand (Max 1/customer)","item_price":0}
