{"yelp":{"id":"pizzeria-vetri-philadelphia","ratingimg":"http://s3-media2.fl.yelpcdn.com/assets/2/www/img/ccf2b76faa2c/ico/stars/v1/stars_large_4.png","url":"http://m.yelp.com/biz/pizzeria-vetri-philadelphia","rating":4},"place_name":"Pizzeria Vetri","_geoloc":{"lng":-75.171418190002,"lat":39.960855999959},"place_uuid":"4962e730-3902-4ddd-aff0-a3eb9af0b845","category_uuid":"c2755989-d00b-4a45-85b8-68e54ae9be49","item_uuid":"0d4b4c1c-abd7-4aa3-b8f0-d1d199bb686d","item_name":"Soft Serve Ice Cream","type":"Dolci","item_price":6}
