{"yelp":{"id":"sweetgreen-philadelphia","ratingimg":"http://s3-media3.fl.yelpcdn.com/assets/2/www/img/bd9b7a815d1b/ico/stars/v1/stars_large_3_half.png","url":"http://m.yelp.com/biz/sweetgreen-philadelphia","rating":3.5},"place_name":"Sweetgreen","_geoloc":{"lng":-75.156923532486,"lat":39.948305825809},"place_uuid":"71bc3a8a-57d0-4b61-a9ed-01c608d3676f","category_uuid":"176546f4-f4bb-498a-a2e0-90ea8023f964","item_uuid":"90c5ac68-4a4e-4c1b-9703-aab3f0ee10f1","item_name":"Jasmine Green Iced Tea","type":"Drinks","item_price":2.5}
