{"yelp":{"id":"honeygrow-philadelphia","ratingimg":"http://s3-media3.fl.yelpcdn.com/assets/2/www/img/bd9b7a815d1b/ico/stars/v1/stars_large_3_half.png","url":"http://m.yelp.com/biz/honeygrow-philadelphia","rating":3.5},"place_name":"honeygrow","_geoloc":{"lng":-75.167309368511,"lat":39.950769209737},"place_uuid":"bad8e795-d38c-4413-9414-d9e723679ebc","category_uuid":"86867ad8-c558-41db-97ec-ca9ad3e9606d","item_uuid":"e9ffb54b-206e-43ca-88a4-049a4227cefc","item_name":"HG H20 Bottled Spring Water","type":"Smoothies","item_price":1.95}
