{"yelp":{"id":"taco-bell-philadelphia-27","ratingimg":"http://s3-media1.fl.yelpcdn.com/assets/2/www/img/e8b5b79d37ed/ico/stars/v1/stars_large_3.png","url":"http://m.yelp.com/biz/taco-bell-philadelphia-27","rating":3},"place_name":"Taco Bell","_geoloc":{"lng":-75.158576965332,"lat":39.950344085693},"place_uuid":"fdfe527b-3485-4a6a-966c-b69beeb276c9","category_uuid":"3357bf29-c2b0-42b0-ac67-c48af245669f","item_uuid":"ac6257e8-7e6d-4c39-8c6d-add2601b1bb8","item_name":"Nacho Supreme","type":"Nachos","item_price":2.69}
