{"yelp":{"id":"zavino-philadelphia-3","ratingimg":"http://s3-media4.fl.yelpcdn.com/assets/2/www/img/9f83790ff7f6/ico/stars/v1/stars_large_4_half.png","url":"http://m.yelp.com/biz/zavino-philadelphia-3","rating":4.5},"place_name":"Zavino","_geoloc":{"lng":-75.18891075145,"lat":39.954019257992},"place_uuid":"fdf9e948-b5c0-439b-9f6e-c5fb7a64f11e","category_uuid":"4642c46e-b295-47f0-b1f2-9d412d7b948f","item_uuid":"729489db-563e-47e2-8491-152c611c20dd","item_name":"Caprese Salad","type":"Salads","item_price":10}
