{"yelp":{"id":"sweetgreen-philadelphia","ratingimg":"http://s3-media3.fl.yelpcdn.com/assets/2/www/img/bd9b7a815d1b/ico/stars/v1/stars_large_3_half.png","url":"http://m.yelp.com/biz/sweetgreen-philadelphia","rating":3.5},"place_name":"Sweetgreen","_geoloc":{"lng":-75.156923532486,"lat":39.948305825809},"place_uuid":"71bc3a8a-57d0-4b61-a9ed-01c608d3676f","category_uuid":"824cb3c9-c543-4d1d-8afe-f3f01ab16e5b","item_uuid":"50ba36f9-68c7-4aa6-bac1-37dfd9acadd1","item_name":"Harvest Bowl","type":"Grains","item_price":9.35}
