{"yelp":{"id":"honeygrow-philadelphia","ratingimg":"http://s3-media3.fl.yelpcdn.com/assets/2/www/img/bd9b7a815d1b/ico/stars/v1/stars_large_3_half.png","url":"http://m.yelp.com/biz/honeygrow-philadelphia","rating":3.5},"place_name":"honeygrow","_geoloc":{"lng":-75.167309368511,"lat":39.950769209737},"place_uuid":"bad8e795-d38c-4413-9414-d9e723679ebc","category_uuid":"a692d7f6-1ecf-41f4-8c9b-69fc68d991e3","item_uuid":"942aebcf-1194-4a7b-8aff-225b123d2916","item_name":"Lemon-Miso-Tahini","type":"Stir Fry","item_price":7.75}
