{"yelp":{"id":"pizzeria-vetri-philadelphia","ratingimg":"http://s3-media2.fl.yelpcdn.com/assets/2/www/img/ccf2b76faa2c/ico/stars/v1/stars_large_4.png","url":"http://m.yelp.com/biz/pizzeria-vetri-philadelphia","rating":4},"place_name":"RiteAid","_geoloc":{"lng":-75.17864,"lat":39.95111},"place_uuid":"72751937-19b5-4eec-a8e9-c8f1b6022541","category_uuid":"9c638c88-ed8f-4666-ac33-c57377c7a5a8","item_uuid":"a40f1766-ef47-4dc9-a398-5ce5b097b326","item_name":"Clorox Disinfectant Wipes - Lemon (35 ct.)","type":"Household","item_price":4.49}
