{"yelp":{"id":"shake-shack-philadelphia","ratingimg":"http://s3-media3.fl.yelpcdn.com/assets/2/www/img/bd9b7a815d1b/ico/stars/v1/stars_large_3_half.png","url":"http://m.yelp.com/biz/shake-shack-philadelphia","rating":3.5},"place_name":"Shake Shack","_geoloc":{"lng":-75.188580198636,"lat":39.953953062438},"place_uuid":"fee59d39-de15-4c40-bf56-5c8fad8a4df4","category_uuid":"d6216190-cbb0-444a-8b21-aec3def6ac30","item_uuid":"2b80dffa-9435-4439-a14f-83ec33877d9c","item_name":"Study Buddy","type":"Frozen Custard","item_price":4.5}
