{"yelp":{"id":"shake-shack-philadelphia","ratingimg":"http://s3-media3.fl.yelpcdn.com/assets/2/www/img/bd9b7a815d1b/ico/stars/v1/stars_large_3_half.png","url":"http://m.yelp.com/biz/shake-shack-philadelphia","rating":3.5},"place_name":"Shake Shack","_geoloc":{"lng":-75.188580198636,"lat":39.953953062438},"place_uuid":"fee59d39-de15-4c40-bf56-5c8fad8a4df4","category_uuid":"e37c61fa-b464-4a87-a87d-d8810e4fb353","item_uuid":"35eb1854-a3c7-4e27-849e-272eea1cd431","item_name":"'Shroom Burger","type":"Burgers","item_price":6.99}
