{"yelp":{"id":"five-guys-burgers-and-fries-philadelphia-3","ratingimg":"http://s3-media3.fl.yelpcdn.com/assets/2/www/img/bd9b7a815d1b/ico/stars/v1/stars_large_3_half.png","url":"http://m.yelp.com/biz/five-guys-burgers-and-fries-philadelphia-3","rating":3.5},"place_name":"Five Guys Burgers and Fries","_geoloc":{"lng":-75.16671,"lat":39.951382},"place_uuid":"4b7c4396-bbcf-4e6d-b7b5-6d4dd7804847","category_uuid":"25c330fa-c454-4924-a993-aa7adffb28d4","item_uuid":"3e2fc3b6-919c-4972-9a6a-b43b8a4cd274","item_name":"Bacon Dog","type":"Dogs","item_price":5.09}
