{"yelp":{"id":"dos-tacos-philadelphia","ratingimg":"http://s3-media3.fl.yelpcdn.com/assets/2/www/img/bd9b7a815d1b/ico/stars/v1/stars_large_3_half.png","url":"http://m.yelp.com/biz/dos-tacos-philadelphia","rating":3.5},"place_name":"Dos Tacos","_geoloc":{"lng":-75.165823144878,"lat":39.950534821341},"place_uuid":"0b0c8784-1c2e-47f6-b178-0a7bf1a37797","category_uuid":"2f60895f-0fe5-4280-8f58-8831bbdc15de","item_uuid":"b6f8b72b-be97-41d5-b7a6-a41a87d7bc00","item_name":"Craft Bottled Soda","type":"Bebidas","item_price":2.75}
