{"yelp":{"id":"lo-spiedo-philadelphia","ratingimg":"http://s3-media3.fl.yelpcdn.com/assets/2/www/img/bd9b7a815d1b/ico/stars/v1/stars_large_3_half.png","url":"http://m.yelp.com/biz/lo-spiedo-philadelphia","rating":3.5},"place_name":"Lo Spiedo","_geoloc":{"lng":-75.175473690033,"lat":39.896748663927},"place_uuid":"e1add877-a694-470f-b5d2-5da0ca46e038","category_uuid":"85f606cb-dcb5-4d8a-a219-e4644106b3c4","item_uuid":"f3b579a1-9d5b-47a5-9549-0fc458716da4","item_name":"Summer Fruit Pie","type":"Dolci","item_price":12}
