{"yelp":{"id":"taco-bell-philadelphia-27","ratingimg":"http://s3-media1.fl.yelpcdn.com/assets/2/www/img/e8b5b79d37ed/ico/stars/v1/stars_large_3.png","url":"http://m.yelp.com/biz/taco-bell-philadelphia-27","rating":3},"place_name":"Taco Bell","_geoloc":{"lng":-75.158576965332,"lat":39.950344085693},"place_uuid":"fdfe527b-3485-4a6a-966c-b69beeb276c9","category_uuid":"5b65e7b8-fa66-45fb-91b6-41071cc72c12","item_uuid":"c1a02b82-87f4-4cb8-b9a2-8702e18ee31f","item_name":"Quesarito","type":"Quesarito","item_price":3.07}
