{"yelp":{"id":"pizzeria-vetri-philadelphia","ratingimg":"http://s3-media2.fl.yelpcdn.com/assets/2/www/img/ccf2b76faa2c/ico/stars/v1/stars_large_4.png","url":"http://m.yelp.com/biz/pizzeria-vetri-philadelphia","rating":4},"place_name":"RiteAid","_geoloc":{"lng":-75.17864,"lat":39.95111},"place_uuid":"72751937-19b5-4eec-a8e9-c8f1b6022541","category_uuid":"434829f5-e252-4b54-a5ab-4012ae1d6159","item_uuid":"fd6dbfca-b1de-4461-9cb4-32a30db95ef1","item_name":"Bicycle Pinochle Playing Cards","type":"Party On!","item_price":3.99}
