{"yelp":{"id":"pizzeria-vetri-philadelphia","ratingimg":"http://s3-media2.fl.yelpcdn.com/assets/2/www/img/ccf2b76faa2c/ico/stars/v1/stars_large_4.png","url":"http://m.yelp.com/biz/pizzeria-vetri-philadelphia","rating":4},"place_name":"RiteAid","_geoloc":{"lng":-75.17864,"lat":39.95111},"place_uuid":"72751937-19b5-4eec-a8e9-c8f1b6022541","category_uuid":"053bc9e2-50a6-4b22-8262-1aafc8d7fb20","item_uuid":"ef968850-5f3d-40bb-bb1a-3ac12722448e","item_name":"Pepto-Bismol (24 ct.)","type":"Digestion & Nausea","item_price":6.99}
