{"yelp":{"id":"pizzeria-vetri-philadelphia","ratingimg":"http://s3-media2.fl.yelpcdn.com/assets/2/www/img/ccf2b76faa2c/ico/stars/v1/stars_large_4.png","url":"http://m.yelp.com/biz/pizzeria-vetri-philadelphia","rating":4},"place_name":"RiteAid","_geoloc":{"lng":-75.17864,"lat":39.95111},"place_uuid":"72751937-19b5-4eec-a8e9-c8f1b6022541","category_uuid":"5c8e7d3f-53d3-4768-9573-34e7e8517587","item_uuid":"922e32fc-1139-4019-8148-05fdbcb9ad95","item_name":"Pamper's Swadlers - Size 2 (32 ct.)","type":"Baby","item_price":13.49}
