{"yelp":{"id":"pizzeria-vetri-philadelphia","ratingimg":"http://s3-media2.fl.yelpcdn.com/assets/2/www/img/ccf2b76faa2c/ico/stars/v1/stars_large_4.png","url":"http://m.yelp.com/biz/pizzeria-vetri-philadelphia","rating":4},"place_name":"RiteAid","_geoloc":{"lng":-75.17864,"lat":39.95111},"place_uuid":"72751937-19b5-4eec-a8e9-c8f1b6022541","category_uuid":"55913e2a-af13-4810-983f-2a3b52a0d3f4","item_uuid":"eec9bb43-3868-42a9-8374-464c1a26401b","item_name":"Suave Naturals Body Wash - Ocean Breeze (12 oz.)","type":"Bath & Body","item_price":2}
