{"yelp":{"id":"lo-spiedo-philadelphia","ratingimg":"http://s3-media3.fl.yelpcdn.com/assets/2/www/img/bd9b7a815d1b/ico/stars/v1/stars_large_3_half.png","url":"http://m.yelp.com/biz/lo-spiedo-philadelphia","rating":3.5},"place_name":"Lo Spiedo","_geoloc":{"lng":-75.175473690033,"lat":39.896748663927},"place_uuid":"e1add877-a694-470f-b5d2-5da0ca46e038","category_uuid":"0c0e6fe2-f9c2-47d9-abc7-a288efc2c9b3","item_uuid":"793459dc-8f24-4089-81b5-8c649097c18d","item_name":"Pork Chop","type":"Spiedo Griglia","item_price":26}
