{"yelp":{"id":"taco-bell-philadelphia-27","ratingimg":"http://s3-media1.fl.yelpcdn.com/assets/2/www/img/e8b5b79d37ed/ico/stars/v1/stars_large_3.png","url":"http://m.yelp.com/biz/taco-bell-philadelphia-27","rating":3},"place_name":"Taco Bell","_geoloc":{"lng":-75.158576965332,"lat":39.950344085693},"place_uuid":"fdfe527b-3485-4a6a-966c-b69beeb276c9","category_uuid":"e7feaae1-addf-4507-a712-f088266970f1","item_uuid":"cdcfea3a-8b65-47b0-bebd-1d60e0902cd5","item_name":"Cheesy Gordita Crunch, Large Drink, & 2 Crunchy Tacos","type":"Combos","item_price":6.69}
