{"yelp":{"id":"pizzeria-vetri-philadelphia","ratingimg":"http://s3-media2.fl.yelpcdn.com/assets/2/www/img/ccf2b76faa2c/ico/stars/v1/stars_large_4.png","url":"http://m.yelp.com/biz/pizzeria-vetri-philadelphia","rating":4},"place_name":"RiteAid","_geoloc":{"lng":-75.17864,"lat":39.95111},"place_uuid":"72751937-19b5-4eec-a8e9-c8f1b6022541","category_uuid":"7d234828-6b07-4141-a404-a13dc110bfc6","item_uuid":"62efba81-9bc1-4a37-9705-c0c7e8a4c9f9","item_name":"Gillette Mach3 Blade Cartridges (8 ct.)","type":"Men's Grooming","item_price":23.99}
