{"yelp":{"id":"pizzeria-vetri-philadelphia","ratingimg":"http://s3-media2.fl.yelpcdn.com/assets/2/www/img/ccf2b76faa2c/ico/stars/v1/stars_large_4.png","url":"http://m.yelp.com/biz/pizzeria-vetri-philadelphia","rating":4},"place_name":"RiteAid","_geoloc":{"lng":-75.17864,"lat":39.95111},"place_uuid":"72751937-19b5-4eec-a8e9-c8f1b6022541","category_uuid":"929f7af0-25a9-4739-ba55-01ac56e9dc05","item_uuid":"8bbd54f4-5ddb-41bc-89e0-6dd28abf48d8","item_name":"Tylenol Extra Strength - 500mg (100 ct.)","type":"Pain Relievers","item_price":10.49}
