{"yelp":{"id":"pizzeria-vetri-philadelphia","ratingimg":"http://s3-media2.fl.yelpcdn.com/assets/2/www/img/ccf2b76faa2c/ico/stars/v1/stars_large_4.png","url":"http://m.yelp.com/biz/pizzeria-vetri-philadelphia","rating":4},"place_name":"Pizzeria Vetri","_geoloc":{"lng":-75.171418190002,"lat":39.960855999959},"place_uuid":"4962e730-3902-4ddd-aff0-a3eb9af0b845","category_uuid":"73ba3022-0962-4044-b446-06a907d2fa86","item_uuid":"ab2f71e6-5dff-406d-a619-3accaf291ca3","item_name":"Salsiccia","type":"Pizze","item_price":16}
