{"yelp":{"id":"pizzeria-vetri-philadelphia","ratingimg":"http://s3-media2.fl.yelpcdn.com/assets/2/www/img/ccf2b76faa2c/ico/stars/v1/stars_large_4.png","url":"http://m.yelp.com/biz/pizzeria-vetri-philadelphia","rating":4},"place_name":"RiteAid","_geoloc":{"lng":-75.17864,"lat":39.95111},"place_uuid":"72751937-19b5-4eec-a8e9-c8f1b6022541","category_uuid":"3977f381-d80b-4eef-adee-16b3cccf7a27","item_uuid":"d575fa54-b810-4dd9-9cb1-214f54b96c43","item_name":"Printer Paper (400 sh.)","type":"School Supplies","item_price":6.49}
