{"yelp":{"id":"five-guys-burgers-and-fries-philadelphia-3","ratingimg":"http://s3-media3.fl.yelpcdn.com/assets/2/www/img/bd9b7a815d1b/ico/stars/v1/stars_large_3_half.png","url":"http://m.yelp.com/biz/five-guys-burgers-and-fries-philadelphia-3","rating":3.5},"place_name":"Five Guys Burgers and Fries","_geoloc":{"lng":-75.16671,"lat":39.951382},"place_uuid":"4b7c4396-bbcf-4e6d-b7b5-6d4dd7804847","category_uuid":"78f46df3-3227-40fe-ba97-d65b05314833","item_uuid":"189a9f1d-4e61-4de2-9939-c190cb3b15f9","item_name":"Little Bacon Burger","type":"Burgers","item_price":5.29}
