{"yelp":{"id":"pizzeria-vetri-philadelphia","ratingimg":"http://s3-media2.fl.yelpcdn.com/assets/2/www/img/ccf2b76faa2c/ico/stars/v1/stars_large_4.png","url":"http://m.yelp.com/biz/pizzeria-vetri-philadelphia","rating":4},"place_name":"Pizzeria Vetri","_geoloc":{"lng":-75.171418190002,"lat":39.960855999959},"place_uuid":"4962e730-3902-4ddd-aff0-a3eb9af0b845","category_uuid":"8e9f6edf-b597-4f07-a105-c666d780e21c","item_uuid":"43f20c7c-d848-4599-aac9-2b384166c841","item_name":"Calzone","type":"Specialita della Casa","item_price":16}
