{"yelp":{"id":"dos-tacos-philadelphia","ratingimg":"http://s3-media3.fl.yelpcdn.com/assets/2/www/img/bd9b7a815d1b/ico/stars/v1/stars_large_3_half.png","url":"http://m.yelp.com/biz/dos-tacos-philadelphia","rating":3.5},"place_name":"Dos Tacos","_geoloc":{"lng":-75.165823144878,"lat":39.950534821341},"place_uuid":"0b0c8784-1c2e-47f6-b178-0a7bf1a37797","category_uuid":"3d1132ad-fd7e-4906-8e02-8164c41a1542","item_uuid":"0024f707-4956-400d-9be5-2d28e7616dfd","item_name":"Tortilla Corn Chip","type":"Sides","item_price":2}
