{"yelp":{"id":"shake-shack-philadelphia","ratingimg":"http://s3-media3.fl.yelpcdn.com/assets/2/www/img/bd9b7a815d1b/ico/stars/v1/stars_large_3_half.png","url":"http://m.yelp.com/biz/shake-shack-philadelphia","rating":3.5},"place_name":"Shake Shack","_geoloc":{"lng":-75.188580198636,"lat":39.953953062438},"place_uuid":"fee59d39-de15-4c40-bf56-5c8fad8a4df4","category_uuid":"64311994-f185-4be1-ac72-770d3e49afc5","item_uuid":"7149e905-41ea-4719-bc26-557f9d1469e7","item_name":"Pooch-ini","type":"Woof (Dog Treats)","item_price":3.95}
