{"yelp":{"id":"pizzeria-vetri-philadelphia","ratingimg":"http://s3-media2.fl.yelpcdn.com/assets/2/www/img/ccf2b76faa2c/ico/stars/v1/stars_large_4.png","url":"http://m.yelp.com/biz/pizzeria-vetri-philadelphia","rating":4},"place_name":"RiteAid","_geoloc":{"lng":-75.17864,"lat":39.95111},"place_uuid":"72751937-19b5-4eec-a8e9-c8f1b6022541","category_uuid":"9af506a4-26ef-4631-b97d-686834fd9b1b","item_uuid":"d1f5e760-3716-447c-8592-ace82e9a42e9","item_name":"Sensodyne Extra Whitening Toothpaste (6 oz.)","type":"Oral Care","item_price":10.99}
