{"yelp":{"id":"pizzeria-vetri-philadelphia","ratingimg":"http://s3-media2.fl.yelpcdn.com/assets/2/www/img/ccf2b76faa2c/ico/stars/v1/stars_large_4.png","url":"http://m.yelp.com/biz/pizzeria-vetri-philadelphia","rating":4},"place_name":"RiteAid","_geoloc":{"lng":-75.17864,"lat":39.95111},"place_uuid":"72751937-19b5-4eec-a8e9-c8f1b6022541","category_uuid":"e031fca0-39a7-48d3-b8b6-862df825c297","item_uuid":"b01badb6-4a48-4a1d-bc3d-b7d33c1beb97","item_name":"TRESemme Extra Hold Hair Spray (11 oz.)","type":"Hair Care","item_price":4.99}
