{"yelp":{"id":"zavino-philadelphia-3","ratingimg":"http://s3-media4.fl.yelpcdn.com/assets/2/www/img/9f83790ff7f6/ico/stars/v1/stars_large_4_half.png","url":"http://m.yelp.com/biz/zavino-philadelphia-3","rating":4.5},"place_name":"Zavino","_geoloc":{"lng":-75.18891075145,"lat":39.954019257992},"place_uuid":"fdf9e948-b5c0-439b-9f6e-c5fb7a64f11e","category_uuid":"7ae20b21-f705-4694-b6ee-9b9990e69800","item_uuid":"3812f630-977d-4c05-ab45-c92659f4ebe4","item_name":"Tiramisu","type":"Desserts","item_price":5}
