{"yelp":{"id":"lo-spiedo-philadelphia","ratingimg":"http://s3-media3.fl.yelpcdn.com/assets/2/www/img/bd9b7a815d1b/ico/stars/v1/stars_large_3_half.png","url":"http://m.yelp.com/biz/lo-spiedo-philadelphia","rating":3.5},"place_name":"Lo Spiedo","_geoloc":{"lng":-75.175473690033,"lat":39.896748663927},"place_uuid":"e1add877-a694-470f-b5d2-5da0ca46e038","category_uuid":"08c36455-8236-4d2f-8b48-588adac26b34","item_uuid":"4a68e5a7-8383-4221-bf50-4f7bcc1c5ebe","item_name":"Escarole Salad","type":"Insalate","item_price":10}
