{"yelp":{"id":"vic-sushi-bar-philadelphia","ratingimg":"http://s3-media2.fl.yelpcdn.com/assets/2/www/img/ccf2b76faa2c/ico/stars/v1/stars_large_4.png","url":"http://m.yelp.com/biz/vic-sushi-bar-philadelphia","rating":4},"place_name":"Vic Sushi Bar","_geoloc":{"lng":-75.174901539378,"lat":39.951471329307},"place_uuid":"46f924c2-9403-4afc-92f7-5c4f412f0725","category_uuid":"a92fec7e-5505-414b-bae3-3f34787a5781","item_uuid":"b52d95c1-241d-4fa1-bd1d-d47ceb2f92a5","item_name":"Spicy Seafood Salad","type":"Salads","item_price":8.95}
