{"yelp":{"id":"dos-tacos-philadelphia","ratingimg":"http://s3-media3.fl.yelpcdn.com/assets/2/www/img/bd9b7a815d1b/ico/stars/v1/stars_large_3_half.png","url":"http://m.yelp.com/biz/dos-tacos-philadelphia","rating":3.5},"place_name":"Dos Tacos","_geoloc":{"lng":-75.165823144878,"lat":39.950534821341},"place_uuid":"0b0c8784-1c2e-47f6-b178-0a7bf1a37797","category_uuid":"c9dcf295-0c75-440f-a44c-54f1f51999a9","item_uuid":"b3103cc4-987e-41f5-865b-107154690771","item_name":"Sea Salt","type":"Sauces","item_price":0}
