{"yelp":{"id":"pizzeria-vetri-philadelphia","ratingimg":"http://s3-media2.fl.yelpcdn.com/assets/2/www/img/ccf2b76faa2c/ico/stars/v1/stars_large_4.png","url":"http://m.yelp.com/biz/pizzeria-vetri-philadelphia","rating":4},"place_name":"RiteAid","_geoloc":{"lng":-75.17864,"lat":39.95111},"place_uuid":"72751937-19b5-4eec-a8e9-c8f1b6022541","category_uuid":"5c8e7d3f-53d3-4768-9573-34e7e8517587","item_uuid":"5a42af68-7fb5-4ab0-aa27-eae423a036a4","item_name":"Mother’s Bliss Gripe Water - Original (4 oz.)","type":"Baby","item_price":15.49}
