{"yelp":{"id":"tap-room-on-19th-philadelphia-2","ratingimg":"http://s3-media4.fl.yelpcdn.com/assets/2/www/img/9f83790ff7f6/ico/stars/v1/stars_large_4_half.png","url":"http://m.yelp.com/biz/tap-room-on-19th-philadelphia-2","rating":4.5},"place_name":"Tap Room on 19th","_geoloc":{"lng":-75.178577796385,"lat":39.921671882139},"place_uuid":"16e3f3cf-46be-41ca-81b5-ccad6cae0a7d","category_uuid":"f1165907-384e-4a72-8c26-f1cdc8f2507d","item_uuid":"277b6ff7-a396-4d97-ab9d-39f74820d44a","item_name":"Fish ‘n Chips","type":"Entrées","item_price":15}
