{"yelp":{"id":"taco-bell-philadelphia-27","ratingimg":"http://s3-media1.fl.yelpcdn.com/assets/2/www/img/e8b5b79d37ed/ico/stars/v1/stars_large_3.png","url":"http://m.yelp.com/biz/taco-bell-philadelphia-27","rating":3},"place_name":"Taco Bell","_geoloc":{"lng":-75.158576965332,"lat":39.950344085693},"place_uuid":"fdfe527b-3485-4a6a-966c-b69beeb276c9","category_uuid":"4501b013-f84c-49e2-aaad-bd17ff4704a0","item_uuid":"038dbe8a-8bcb-478a-880a-f49423ec51c7","item_name":"Variety Taco 12 Pack","type":"Tacos","item_price":15.29}
