{"yelp":{"id":"taco-bell-philadelphia-27","ratingimg":"http://s3-media1.fl.yelpcdn.com/assets/2/www/img/e8b5b79d37ed/ico/stars/v1/stars_large_3.png","url":"http://m.yelp.com/biz/taco-bell-philadelphia-27","rating":3},"place_name":"Taco Bell","_geoloc":{"lng":-75.158576965332,"lat":39.950344085693},"place_uuid":"fdfe527b-3485-4a6a-966c-b69beeb276c9","category_uuid":"ec49c8e8-ba1b-4858-8267-486ff58565e0","item_uuid":"f1ea4d34-d751-4312-b8e6-a6d95cb81dd2","item_name":"Cheesy Bean & Rice Burrito","type":"$1 Cravings Menu (Not available in all locations)","item_price":1}
