{"yelp":{"id":"pizzeria-vetri-philadelphia","ratingimg":"http://s3-media2.fl.yelpcdn.com/assets/2/www/img/ccf2b76faa2c/ico/stars/v1/stars_large_4.png","url":"http://m.yelp.com/biz/pizzeria-vetri-philadelphia","rating":4},"place_name":"RiteAid","_geoloc":{"lng":-75.17864,"lat":39.95111},"place_uuid":"72751937-19b5-4eec-a8e9-c8f1b6022541","category_uuid":"1d0eccb6-df0d-406d-ac97-94bc18511747","item_uuid":"0e0cfd6e-34e4-4c16-b20b-4d838ca8b7b4","item_name":"Band-aid Variety Pack (30 ct.)","type":"First-Aid","item_price":6.49}
