{"yelp":{"id":"pizzeria-vetri-philadelphia","ratingimg":"http://s3-media2.fl.yelpcdn.com/assets/2/www/img/ccf2b76faa2c/ico/stars/v1/stars_large_4.png","url":"http://m.yelp.com/biz/pizzeria-vetri-philadelphia","rating":4},"place_name":"RiteAid","_geoloc":{"lng":-75.17864,"lat":39.95111},"place_uuid":"72751937-19b5-4eec-a8e9-c8f1b6022541","category_uuid":"1d0eccb6-df0d-406d-ac97-94bc18511747","item_uuid":"d23a8d64-ff89-4a24-96bf-71cbf8b65684","item_name":"Neosporin (.5 oz.)","type":"First-Aid","item_price":6.99}
