{"yelp":{"id":"taco-bell-philadelphia-27","ratingimg":"http://s3-media1.fl.yelpcdn.com/assets/2/www/img/e8b5b79d37ed/ico/stars/v1/stars_large_3.png","url":"http://m.yelp.com/biz/taco-bell-philadelphia-27","rating":3},"place_name":"Taco Bell","_geoloc":{"lng":-75.158576965332,"lat":39.950344085693},"place_uuid":"fdfe527b-3485-4a6a-966c-b69beeb276c9","category_uuid":"62dd6536-a146-4432-ac5b-3fe8d69b75c8","item_uuid":"3a59777d-063f-499a-8c18-987f82af6461","item_name":"Cinnabon Delights","type":"Cinnabon Delights","item_price":1.34}
