{"yelp":{"id":"honeygrow-philadelphia","ratingimg":"http://s3-media3.fl.yelpcdn.com/assets/2/www/img/bd9b7a815d1b/ico/stars/v1/stars_large_3_half.png","url":"http://m.yelp.com/biz/honeygrow-philadelphia","rating":3.5},"place_name":"honeygrow","_geoloc":{"lng":-75.167309368511,"lat":39.950769209737},"place_uuid":"bad8e795-d38c-4413-9414-d9e723679ebc","category_uuid":"e14af90f-baf1-4404-8561-c8459041644a","item_uuid":"b6131548-4c9d-4559-b56b-49ca57a58773","item_name":"Honeybar","type":"Honeybar","item_price":5.45}
