{"yelp":{"id":"pizzeria-vetri-philadelphia","ratingimg":"http://s3-media2.fl.yelpcdn.com/assets/2/www/img/ccf2b76faa2c/ico/stars/v1/stars_large_4.png","url":"http://m.yelp.com/biz/pizzeria-vetri-philadelphia","rating":4},"place_name":"Pizzeria Vetri","_geoloc":{"lng":-75.171418190002,"lat":39.960855999959},"place_uuid":"4962e730-3902-4ddd-aff0-a3eb9af0b845","category_uuid":"20dc7abc-1a59-414a-959d-5f36e6c6c970","item_uuid":"088d2e55-1f85-4ead-a7e6-aa4f648ad3eb","item_name":"Espresso","type":"Coffee","item_price":2.5}
