{"yelp":{"id":"sweetgreen-philadelphia","ratingimg":"http://s3-media3.fl.yelpcdn.com/assets/2/www/img/bd9b7a815d1b/ico/stars/v1/stars_large_3_half.png","url":"http://m.yelp.com/biz/sweetgreen-philadelphia","rating":3.5},"place_name":"Sweetgreen","_geoloc":{"lng":-75.156923532486,"lat":39.948305825809},"place_uuid":"71bc3a8a-57d0-4b61-a9ed-01c608d3676f","category_uuid":"84ccf042-ef12-40d8-b37a-4a33ffaf446d","item_uuid":"1f7d6ac5-2ae7-4504-905b-9883fcc6766e","item_name":"Hummus Tahina","type":"Greens","item_price":10.85}
