{"yelp":{"id":"pizzeria-vetri-philadelphia","ratingimg":"http://s3-media2.fl.yelpcdn.com/assets/2/www/img/ccf2b76faa2c/ico/stars/v1/stars_large_4.png","url":"http://m.yelp.com/biz/pizzeria-vetri-philadelphia","rating":4},"place_name":"RiteAid","_geoloc":{"lng":-75.17864,"lat":39.95111},"place_uuid":"72751937-19b5-4eec-a8e9-c8f1b6022541","category_uuid":"5ac5ead2-75d6-401b-82dd-230c1e3d30e7","item_uuid":"60e01cfe-2de2-475d-aac3-564f0d6553cf","item_name":"Tampax Pearl Plastic Triple Pack (36 ct.)","type":"Feminine Care","item_price":8.99}
