{"yelp":{"id":"tap-room-on-19th-philadelphia-2","ratingimg":"http://s3-media4.fl.yelpcdn.com/assets/2/www/img/9f83790ff7f6/ico/stars/v1/stars_large_4_half.png","url":"http://m.yelp.com/biz/tap-room-on-19th-philadelphia-2","rating":4.5},"place_name":"Tap Room on 19th","_geoloc":{"lng":-75.178577796385,"lat":39.921671882139},"place_uuid":"16e3f3cf-46be-41ca-81b5-ccad6cae0a7d","category_uuid":"3d7f7e75-4b21-40b6-a03a-f5825c5558fd","item_uuid":"428a28e8-5c45-4cdb-b48c-20f3f19aa71a","item_name":"Arancini","type":"Bar Snacks","item_price":6}
