{"yelp":{"id":"pizzeria-vetri-philadelphia","ratingimg":"http://s3-media2.fl.yelpcdn.com/assets/2/www/img/ccf2b76faa2c/ico/stars/v1/stars_large_4.png","url":"http://m.yelp.com/biz/pizzeria-vetri-philadelphia","rating":4},"place_name":"RiteAid","_geoloc":{"lng":-75.17864,"lat":39.95111},"place_uuid":"72751937-19b5-4eec-a8e9-c8f1b6022541","category_uuid":"04fc7168-0339-4690-aebe-67fc1641178f","item_uuid":"7393d594-a888-4c37-ad97-f943cffd9177","item_name":"Altoids Tin - Original Peppermint (1.76 oz.)","type":"Candy & Snacks","item_price":2.49}
