{"yelp":{"id":"shake-shack-philadelphia","ratingimg":"http://s3-media3.fl.yelpcdn.com/assets/2/www/img/bd9b7a815d1b/ico/stars/v1/stars_large_3_half.png","url":"http://m.yelp.com/biz/shake-shack-philadelphia","rating":3.5},"place_name":"Shake Shack","_geoloc":{"lng":-75.188580198636,"lat":39.953953062438},"place_uuid":"fee59d39-de15-4c40-bf56-5c8fad8a4df4","category_uuid":"09ea4b5f-8897-42bd-9b53-995f9c4e32ec","item_uuid":"a716b2f0-454c-4fcf-8381-f1814822933b","item_name":"Draught Root Beer","type":"Drinks","item_price":2.75}
