{"yelp":{"id":"pizzeria-vetri-philadelphia","ratingimg":"http://s3-media2.fl.yelpcdn.com/assets/2/www/img/ccf2b76faa2c/ico/stars/v1/stars_large_4.png","url":"http://m.yelp.com/biz/pizzeria-vetri-philadelphia","rating":4},"place_name":"RiteAid","_geoloc":{"lng":-75.17864,"lat":39.95111},"place_uuid":"72751937-19b5-4eec-a8e9-c8f1b6022541","category_uuid":"5f444ce9-27c7-4fa1-b4e5-394ed8590c0f","item_uuid":"8915c3b0-637b-4735-a4ee-e2c8ac827ea2","item_name":"Gillette Venus Embrace Blade Cartridges (4 ct.)","type":"Women's Beauty","item_price":19.99}
