{"yelp":{"id":"pizzeria-vetri-philadelphia","ratingimg":"http://s3-media2.fl.yelpcdn.com/assets/2/www/img/ccf2b76faa2c/ico/stars/v1/stars_large_4.png","url":"http://m.yelp.com/biz/pizzeria-vetri-philadelphia","rating":4},"place_name":"RiteAid","_geoloc":{"lng":-75.17864,"lat":39.95111},"place_uuid":"72751937-19b5-4eec-a8e9-c8f1b6022541","category_uuid":"053bc9e2-50a6-4b22-8262-1aafc8d7fb20","item_uuid":"451236c0-043c-4469-9673-1aede3049314","item_name":"Dulcolax Stool Softener LiquiGels (25 ct.)","type":"Digestion & Nausea","item_price":9.99}
