{"yelp":{"id":"pizzeria-vetri-philadelphia","ratingimg":"http://s3-media2.fl.yelpcdn.com/assets/2/www/img/ccf2b76faa2c/ico/stars/v1/stars_large_4.png","url":"http://m.yelp.com/biz/pizzeria-vetri-philadelphia","rating":4},"place_name":"RiteAid","_geoloc":{"lng":-75.17864,"lat":39.95111},"place_uuid":"72751937-19b5-4eec-a8e9-c8f1b6022541","category_uuid":"124958bf-2cdf-4d61-84be-4728930ca548","item_uuid":"4868cdb8-bfd9-4e87-b342-eba300cddd92","item_name":"Super Leight Soft Foam Earplugs (10 ct.)","type":"Sleeping & Snoring","item_price":6.49}
