{"yelp":{"id":"sweetgreen-philadelphia","ratingimg":"http://s3-media3.fl.yelpcdn.com/assets/2/www/img/bd9b7a815d1b/ico/stars/v1/stars_large_3_half.png","url":"http://m.yelp.com/biz/sweetgreen-philadelphia","rating":3.5},"place_name":"Sweetgreen","_geoloc":{"lng":-75.156923532486,"lat":39.948305825809},"place_uuid":"71bc3a8a-57d0-4b61-a9ed-01c608d3676f","category_uuid":"e8848610-b6d3-4123-897b-0ee96fa20105","item_uuid":"6d86aab9-68ec-4828-a920-ec4da904a0b0","item_name":"Organic Lentil Chickpea (Big)","type":"Soup","item_price":6}
