{"yelp":{"id":"pizzeria-vetri-philadelphia","ratingimg":"http://s3-media2.fl.yelpcdn.com/assets/2/www/img/ccf2b76faa2c/ico/stars/v1/stars_large_4.png","url":"http://m.yelp.com/biz/pizzeria-vetri-philadelphia","rating":4},"place_name":"RiteAid","_geoloc":{"lng":-75.17864,"lat":39.95111},"place_uuid":"72751937-19b5-4eec-a8e9-c8f1b6022541","category_uuid":"094f1c0a-0118-4c35-907e-d22bc336a916","item_uuid":"d5917d7d-d230-4b05-9bf0-f4da24c5a988","item_name":"Red Bull Energy Drink (8.4 oz.)","type":"Drinks","item_price":2.19}
