{"yelp":{"id":"dos-tacos-philadelphia","ratingimg":"http://s3-media3.fl.yelpcdn.com/assets/2/www/img/bd9b7a815d1b/ico/stars/v1/stars_large_3_half.png","url":"http://m.yelp.com/biz/dos-tacos-philadelphia","rating":3.5},"place_name":"Dos Tacos","_geoloc":{"lng":-75.165823144878,"lat":39.950534821341},"place_uuid":"0b0c8784-1c2e-47f6-b178-0a7bf1a37797","category_uuid":"9eba1fd9-4a03-485b-9c4c-81edaf356eba","item_uuid":"1d04029d-07a1-44c6-ae8b-6578681a4884","item_name":"Ice Cream Taco","type":"Dulces","item_price":3}
