{"yelp":{"id":"tap-room-on-19th-philadelphia-2","ratingimg":"http://s3-media4.fl.yelpcdn.com/assets/2/www/img/9f83790ff7f6/ico/stars/v1/stars_large_4_half.png","url":"http://m.yelp.com/biz/tap-room-on-19th-philadelphia-2","rating":4.5},"place_name":"Tap Room on 19th","_geoloc":{"lng":-75.178577796385,"lat":39.921671882139},"place_uuid":"16e3f3cf-46be-41ca-81b5-ccad6cae0a7d","category_uuid":"5607e29d-8558-484c-902f-0320471150c6","item_uuid":"170631cc-0c67-4907-a923-fc14e7036950","item_name":"Flourless Chocolate Cake","type":"Desserts","item_price":7}
